idx,vdwm,rbp_trend,bl_growth,reward_tib_1y,reward_tib_2y,reward_tib_5y,reward_tib_7y,reward_tib_10y,pledge_1y,pledge_2y,pledge_5y,pledge_7y,pledge_10y,issuance_1y,issuance_2y,issuance_5y,issuance_7y,issuance_10y,roi_1y,roi_2y,roi_5y,roi_7y,roi_10y,minted_1y,minted_2y,minted_5y,minted_7y,minted_10y
0,1.0,-0.20,0.00,0.03292724,0.03573308,0.04674826,0.05658070,0.07610854,1.42097238,1.79987611,3.62507043,5.74971421,11.41805266,59938.37,52036.74,34855.80,26999.64,18594.86,26.4490,22.6604,14.7194,11.2321,7.6082,425332181.71,445720617.38,492551377.64,514989970.83,539643130.91
1,1.0,-0.20,0.25,0.03292724,0.03573308,0.04674826,0.05658070,0.07610854,1.41137875,1.78221976,3.59045150,5.70811253,11.36996480,59938.37,52036.74,34855.80,26999.64,18594.86,26.6288,22.8849,14.8613,11.3140,7.6404,425332181.71,445720617.38,492551377.64,514989970.83,539643130.91
2,1.0,-0.20,0.50,0.03292724,0.03573308,0.04674826,0.05658070,0.07610854,1.40498300,1.77262865,3.58035949,5.70015381,11.36511453,59938.37,52036.74,34855.80,26999.64,18594.86,26.7500,23.0087,14.9032,11.3298,7.6436,425332181.71,445720617.38,492551377.64,514989970.83,539643130.91
3,1.0,-0.20,0.75,0.03292724,0.03573308,0.04674826,0.05658070,0.07610854,1.40041461,1.76684552,3.57671593,5.69812011,11.36438028,59938.37,52036.74,34855.80,26999.64,18594.86,26.8373,23.0841,14.9184,11.3338,7.6441,425332181.71,445720617.38,492551377.64,514989970.83,539643130.91
4,1.0,-0.20,1.00,0.03292724,0.03573308,0.04674826,0.05658070,0.07610854,1.39698831,1.76309205,3.57518781,5.69748410,11.36423291,59938.37,52036.74,34855.80,26999.64,18594.86,26.9031,23.1332,14.9247,11.3351,7.6442,425332181.71,445720617.38,492551377.64,514989970.83,539643130.91
5,1.0,-0.10,0.00,0.02990252,0.02934654,0.02798568,0.02724264,0.02627649,1.26918187,1.43450925,2.04369969,2.56699098,3.58520358,61236.45,54088.09,37601.75,29648.75,20847.41,26.8921,23.3504,15.6300,12.1134,8.3655,425590804.80,446603610.20,496205082.35,520626886.36,547977419.30
6,1.0,-0.10,0.25,0.02990252,0.02934654,0.02798568,0.02724264,0.02627649,1.25958541,1.41683548,2.00894615,2.52514518,3.53670804,61236.45,54088.09,37601.75,29648.75,20847.41,27.0970,23.6417,15.9004,12.3141,8.4802,425590804.80,446603610.20,496205082.35,520626886.36,547977419.30
7,1.0,-0.10,0.50,0.02990252,0.02934654,0.02798568,0.02724264,0.02627649,1.25318777,1.40723492,1.99881490,2.51713976,3.53181665,61236.45,54088.09,37601.75,29648.75,20847.41,27.2353,23.8029,15.9810,12.3533,8.4920,425590804.80,446603610.20,496205082.35,520626886.36,547977419.30
8,1.0,-0.10,0.75,0.02990252,0.02934654,0.02798568,0.02724264,0.02627649,1.24861803,1.40144608,1.99515716,2.51509413,3.53107617,61236.45,54088.09,37601.75,29648.75,20847.41,27.3350,23.9013,16.0103,12.3633,8.4938,425590804.80,446603610.20,496205082.35,520626886.36,547977419.30
9,1.0,-0.10,1.00,0.02990252,0.02934654,0.02798568,0.02724264,0.02627649,1.24519072,1.39768890,1.99362310,2.51445438,3.53092755,61236.45,54088.09,37601.75,29648.75,20847.41,27.4102,23.9655,16.0226,12.3665,8.4941,425590804.80,446603610.20,496205082.35,520626886.36,547977419.30
10,1.0,-0.05,0.00,0.02862768,0.02687431,0.02237802,0.01989659,0.01677957,1.20526497,1.29348808,1.57595357,1.78197564,2.12352422,61882.73,55187.94,39400.29,31615.76,22860.01,27.1109,23.7146,16.2076,12.7443,9.0191,425716105.97,447052632.93,498309140.10,524114835.95,553660461.38
11,1.0,-0.05,0.25,0.02862768,0.02687431,0.02237802,0.01989659,0.01677957,1.19566714,1.27580545,1.54112251,1.73997878,2.07475069,61882.73,55187.94,39400.29,31615.76,22860.01,27.3285,24.0432,16.5739,13.0519,9.2311,425716105.97,447052632.93,498309140.10,524114835.95,553660461.38
12,1.0,-0.05,0.50,0.02862768,0.02687431,0.02237802,0.01989659,0.01677957,1.18926858,1.26620008,1.53096866,1.73194446,2.06983126,61882.73,55187.94,39400.29,31615.76,22860.01,27.4756,24.2256,16.6838,13.1125,9.2531,425716105.97,447052632.93,498309140.10,524114835.95,553660461.38
13,1.0,-0.05,0.75,0.02862768,0.02687431,0.02237802,0.01989659,0.01677957,1.18469818,1.26040834,1.52730277,1.72989144,2.06908654,61882.73,55187.94,39400.29,31615.76,22860.01,27.5816,24.3370,16.7239,13.1280,9.2564,425716105.97,447052632.93,498309140.10,524114835.95,553660461.38
14,1.0,-0.05,1.00,0.02862768,0.02687431,0.02237802,0.01989659,0.01677957,1.18127038,1.25664927,1.52576528,1.72924939,2.06893707,61882.73,55187.94,39400.29,31615.76,22860.01,27.6616,24.4098,16.7407,13.1329,9.2571,425716105.97,447052632.93,498309140.10,524114835.95,553660461.38
15,1.0,0.00,0.00,0.02747954,0.02475843,0.01824392,0.01498346,0.01127668,1.14773685,1.17306320,1.23470983,1.26627367,1.30302305,62527.22,56335.58,41512.41,34093.50,25659.07,27.3280,24.0903,16.8653,13.5059,9.8780,425839007.94,447506550.45,500607685.12,528098489.75,560552560.40
16,1.0,0.00,0.25,0.02747954,0.02475843,0.01824392,0.01498346,0.01127668,1.13813767,1.15537162,1.19979408,1.22410430,1.25391238,62527.22,56335.58,41512.41,34093.50,25659.07,27.5585,24.4592,17.3561,13.9712,10.2649,425839007.94,447506550.45,500607685.12,528098489.75,560552560.40
17,1.0,0.00,0.50,0.02747954,0.02475843,0.01824392,0.01498346,0.01127668,1.13173822,1.14576138,1.18961554,1.21603697,1.24895895,62527.22,56335.58,41512.41,34093.50,25659.07,27.7143,24.6643,17.5046,14.0639,10.3056,425839007.94,447506550.45,500607685.12,528098489.75,560552560.40
18,1.0,0.00,0.75,0.02747954,0.02475843,0.01824392,0.01498346,0.01127668,1.12716718,1.13996670,1.18594074,1.21397552,1.24820908,62527.22,56335.58,41512.41,34093.50,25659.07,27.8267,24.7897,17.5588,14.0878,10.3118,425839007.94,447506550.45,500607685.12,528098489.75,560552560.40
19,1.0,0.00,1.00,0.02747954,0.02475843,0.01824392,0.01498346,0.01127668,1.12373890,1.13620574,1.18439951,1.21333082,1.24805858,62527.22,56335.58,41512.41,34093.50,25659.07,27.9116,24.8718,17.5817,14.0953,10.3130,425839007.94,447506550.45,500607685.12,528098489.75,560552560.40
20,1.0,0.05,0.00,0.02644001,0.02293265,0.01513547,0.01159541,0.00791509,1.09568505,1.06940870,0.98175127,0.92015162,0.82847773,63169.97,57529.75,43954.37,37125.38,29336.50,27.5433,24.4766,17.5968,14.3836,10.9047,425959684.30,447965257.53,503105630.12,532604069.11,568753779.40
21,1.0,0.05,0.25,0.02644001,0.02293265,0.01513547,0.01159541,0.00791509,1.08608454,1.05170807,0.94674349,0.87778711,0.77896589,63169.97,57529.75,43954.37,37125.38,29336.50,27.7868,24.8885,18.2475,15.0778,11.5978,425959684.30,447965257.53,503105630.12,532604069.11,568753779.40
22,1.0,0.05,0.50,0.02644001,0.02293265,0.01513547,0.01159541,0.00791509,1.07968421,1.04209291,0.93653812,0.86968246,0.77397199,63169.97,57529.75,43954.37,37125.38,29336.50,27.9515,25.1182,18.4464,15.2183,11.6727,425959684.30,447965257.53,503105630.12,532604069.11,568753779.40
23,1.0,0.05,0.75,0.02644001,0.02293265,0.01513547,0.01159541,0.00791509,1.07511254,1.03629527,0.93285363,0.86761146,0.77321600,63169.97,57529.75,43954.37,37125.38,29336.50,28.0704,25.2587,18.5192,15.2546,11.6841,425959684.30,447965257.53,503105630.12,532604069.11,568753779.40
24,1.0,0.05,1.00,0.02644001,0.02293265,0.01513547,0.01159541,0.00791509,1.07168379,1.03253238,0.93130834,0.86696379,0.77306426,63169.97,57529.75,43954.37,37125.38,29336.50,28.1602,25.3508,18.5499,15.2660,11.6864,425959684.30,447965257.53,503105630.12,532604069.11,568753779.40
25,1.0,0.10,0.00,0.02549430,0.02134542,0.01275354,0.00918590,0.00574321,1.04836295,0.97954763,0.79150966,0.68329093,0.54647828,63810.99,58769.20,46736.25,40731.47,33895.43,27.7569,24.8725,18.3914,15.3446,11.9956,426078288.04,448428641.60,505805745.21,537645831.58,578296039.20
26,1.0,0.10,0.25,0.02549430,0.02134542,0.01275354,0.00918590,0.00574321,1.03876115,0.96183786,0.75640240,0.64070807,0.49649967,63810.99,58769.20,46736.25,40731.47,33895.43,28.0135,25.3305,19.2450,16.3645,13.2031,426078288.04,448428641.60,505805745.21,537645831.58,578296039.20
27,1.0,0.10,0.50,0.02549430,0.02134542,0.01275354,0.00918590,0.00574321,1.03235995,0.95221773,0.74616803,0.63256165,0.49145869,63810.99,58769.20,46736.25,40731.47,33895.43,28.1872,25.5864,19.5090,16.5752,13.3385,426078288.04,448428641.60,505805745.21,537645831.58,578296039.20
28,1.0,0.10,0.75,0.02549430,0.02134542,0.01275354,0.00918590,0.00574321,1.02778766,0.94641710,0.74247307,0.63047998,0.49069557,63810.99,58769.20,46736.25,40731.47,33895.43,28.3126,25.7432,19.6061,16.6299,13.3593,426078288.04,448428641.60,505805745.21,537645831.58,578296039.20
29,1.0,0.10,1.00,0.02549430,0.02134542,0.01275354,0.00918590,0.00574321,1.02435844,0.94265227,0.74092339,0.62982897,0.49054241,63810.99,58769.20,46736.25,40731.47,33895.43,28.4074,25.8460,19.6471,16.6471,13.3634,426078288.04,448428641.60,505805745.21,537645831.58,578296039.20
30,2.0,-0.20,0.00,0.01796358,0.01949431,0.02550369,0.03086781,0.04152130,0.79701573,1.00421764,2.00107095,3.16070075,6.25364339,59938.37,52036.74,34855.80,26999.64,18594.86,25.7256,22.1575,14.5472,11.1471,7.5784,425332181.71,445720617.38,492551377.64,514989970.83,539643130.91
31,2.0,-0.20,0.25,0.01796358,0.01949431,0.02550369,0.03086781,0.04152130,0.78742210,0.98656129,1.96645202,3.11909907,6.20555553,59938.37,52036.74,34855.80,26999.64,18594.86,26.0391,22.5540,14.8033,11.2958,7.6371,425332181.71,445720617.38,492551377.64,514989970.83,539643130.91
32,2.0,-0.20,0.50,0.01796358,0.01949431,0.02550369,0.03086781,0.04152130,0.78102635,0.97697019,1.95636001,3.11114035,6.20070526,59938.37,52036.74,34855.80,26999.64,18594.86,26.2523,22.7754,14.8797,11.3247,7.6431,425332181.71,445720617.38,492551377.64,514989970.83,539643130.91
33,2.0,-0.20,0.75,0.01796358,0.01949431,0.02550369,0.03086781,0.04152130,0.77645796,0.97118706,1.95271645,3.10910665,6.19997101,59938.37,52036.74,34855.80,26999.64,18594.86,26.4068,22.9111,14.9075,11.3321,7.6440,425332181.71,445720617.38,492551377.64,514989970.83,539643130.91
34,2.0,-0.20,1.00,0.01796358,0.01949431,0.02550369,0.03086781,0.04152130,0.77303166,0.96743358,1.95118832,3.10847064,6.19982364,59938.37,52036.74,34855.80,26999.64,18594.86,26.5238,23.0000,14.9191,11.3344,7.6442,425332181.71,445720617.38,492551377.64,514989970.83,539643130.91
35,2.0,-0.10,0.00,0.01631343,0.01601012,0.01526769,0.01486232,0.01433524,0.71421229,0.80491238,1.13843922,1.42449458,1.98061086,61236.45,54088.09,37601.75,29648.75,20847.41,26.0710,22.7032,15.3075,11.9087,8.2613,425590804.80,446603610.20,496205082.35,520626886.36,547977419.30
36,2.0,-0.10,0.25,0.01631343,0.01601012,0.01526769,0.01486232,0.01433524,0.70461583,0.78723861,1.10368568,1.38264878,1.93211532,61236.45,54088.09,37601.75,29648.75,20847.41,26.4261,23.2128,15.7895,12.2692,8.4686,425590804.80,446603610.20,496205082.35,520626886.36,547977419.30
37,2.0,-0.10,0.50,0.01631343,0.01601012,0.01526769,0.01486232,0.01433524,0.69821819,0.77763804,1.09355443,1.37464336,1.92722393,61236.45,54088.09,37601.75,29648.75,20847.41,26.6682,23.4994,15.9358,12.3406,8.4901,425590804.80,446603610.20,496205082.35,520626886.36,547977419.30
38,2.0,-0.10,0.75,0.01631343,0.01601012,0.01526769,0.01486232,0.01433524,0.69364845,0.77184921,1.08989669,1.37259772,1.92648345,61236.45,54088.09,37601.75,29648.75,20847.41,26.8439,23.6757,15.9893,12.3590,8.4934,425590804.80,446603610.20,496205082.35,520626886.36,547977419.30
39,2.0,-0.10,1.00,0.01631343,0.01601012,0.01526769,0.01486232,0.01433524,0.69022114,0.76809203,1.08836263,1.37195798,1.92633483,61236.45,54088.09,37601.75,29648.75,20847.41,26.9772,23.7915,16.0118,12.3648,8.4940,425590804.80,446603610.20,496205082.35,520626886.36,547977419.30
40,2.0,-0.05,0.00,0.01561794,0.01466138,0.01220841,0.01085466,0.00915415,0.67934531,0.72798894,0.88331098,0.99631339,1.18332775,61882.73,55187.94,39400.29,31615.76,22860.01,26.2406,22.9874,15.7756,12.4354,8.8299,425716105.97,447052632.93,498309140.10,524114835.95,553660461.38
41,2.0,-0.05,0.25,0.01561794,0.01466138,0.01220841,0.01085466,0.00915415,0.66974747,0.71030631,0.84847992,0.95431653,1.13455422,61882.73,55187.94,39400.29,31615.76,22860.01,26.6166,23.5597,16.4232,12.9827,9.2094,425716105.97,447052632.93,498309140.10,524114835.95,553660461.38
42,2.0,-0.05,0.50,0.01561794,0.01466138,0.01220841,0.01085466,0.00915415,0.66334892,0.70070093,0.83832607,0.94628221,1.12963479,61882.73,55187.94,39400.29,31615.76,22860.01,26.8734,23.8826,16.6221,13.0929,9.2495,425716105.97,447052632.93,498309140.10,524114835.95,553660461.38
43,2.0,-0.05,0.75,0.01561794,0.01466138,0.01220841,0.01085466,0.00915415,0.65877852,0.69490919,0.83466017,0.94422919,1.12889007,61882.73,55187.94,39400.29,31615.76,22860.01,27.0598,24.0817,16.6951,13.1214,9.2556,425716105.97,447052632.93,498309140.10,524114835.95,553660461.38
44,2.0,-0.05,1.00,0.01561794,0.01466138,0.01220841,0.01085466,0.00915415,0.65535072,0.69115013,0.83312269,0.94358714,1.12874060,61882.73,55187.94,39400.29,31615.76,22860.01,27.2013,24.2127,16.7259,13.1303,9.2569,425716105.97,447052632.93,498309140.10,524114835.95,553660461.38
45,2.0,0.00,0.00,0.01499157,0.01350705,0.00995304,0.00817428,0.00615203,0.64796369,0.66230200,0.69720142,0.71506946,0.73587191,62527.22,56335.58,41512.41,34093.50,25659.07,26.4081,23.2780,16.2944,13.0479,9.5424,425839007.94,447506550.45,500607685.12,528098489.75,560552560.40
46,2.0,0.00,0.25,0.01499157,0.01350705,0.00995304,0.00817428,0.00615203,0.63836451,0.64461041,0.66228568,0.67290008,0.68676124,62527.22,56335.58,41512.41,34093.50,25659.07,26.8052,23.9168,17.1534,13.8656,10.2248,425839007.94,447506550.45,500607685.12,528098489.75,560552560.40
47,2.0,0.00,0.50,0.01499157,0.01350705,0.00995304,0.00817428,0.00615203,0.63196505,0.63500017,0.65210714,0.66483276,0.68180781,62527.22,56335.58,41512.41,34093.50,25659.07,27.0766,24.2788,17.4212,14.0339,10.2990,425839007.94,447506550.45,500607685.12,528098489.75,560552560.40
48,2.0,0.00,0.75,0.01499157,0.01350705,0.00995304,0.00817428,0.00615203,0.62739402,0.62920550,0.64843233,0.66277130,0.68105794,62527.22,56335.58,41512.41,34093.50,25659.07,27.2739,24.5024,17.5199,14.0775,10.3104,425839007.94,447506550.45,500607685.12,528098489.75,560552560.40
49,2.0,0.00,1.00,0.01499157,0.01350705,0.00995304,0.00817428,0.00615203,0.62396574,0.62544453,0.64689111,0.66212661,0.68090744,62527.22,56335.58,41512.41,34093.50,25659.07,27.4237,24.6497,17.5616,14.0912,10.3127,425839007.94,447506550.45,500607685.12,528098489.75,560552560.40
50,2.0,0.05,0.00,0.01442445,0.01251099,0.00825721,0.00632592,0.00431811,0.61956964,0.60576432,0.55926114,0.52635349,0.47718618,63169.97,57529.75,43954.37,37125.38,29336.50,26.5735,23.5737,16.8523,13.7179,10.3287,425959684.30,447965257.53,503105630.12,532604069.11,568753779.40
51,2.0,0.05,0.25,0.01442445,0.01251099,0.00825721,0.00632592,0.00431811,0.60996913,0.58806369,0.52425336,0.48398898,0.42767434,63169.97,57529.75,43954.37,37125.38,29336.50,26.9918,24.2833,17.9776,14.9186,11.5245,425959684.30,447965257.53,503105630.12,532604069.11,568753779.40
52,2.0,0.05,0.50,0.01442445,0.01251099,0.00825721,0.00632592,0.00431811,0.60356880,0.57844853,0.51404800,0.47588433,0.42268044,63169.97,57529.75,43954.37,37125.38,29336.50,27.2780,24.6869,18.3345,15.1727,11.6606,425959684.30,447965257.53,503105630.12,532604069.11,568753779.40
53,2.0,0.05,0.75,0.01442445,0.01251099,0.00825721,0.00632592,0.00431811,0.59899713,0.57265089,0.51036350,0.47381333,0.42192445,63169.97,57529.75,43954.37,37125.38,29336.50,27.4862,24.9369,18.4669,15.2390,11.6815,425959684.30,447965257.53,503105630.12,532604069.11,568753779.40
54,2.0,0.05,1.00,0.01442445,0.01251099,0.00825721,0.00632592,0.00431811,0.59556838,0.56888800,0.50881822,0.47316566,0.42177271,63169.97,57529.75,43954.37,37125.38,29336.50,27.6444,25.1018,18.5230,15.2599,11.6857,425959684.30,447965257.53,503105630.12,532604069.11,568753779.40
55,2.0,0.10,0.00,0.01390851,0.01164508,0.00695774,0.00501140,0.00313323,0.59375584,0.55675182,0.45554137,0.39725881,0.32357796,63810.99,58769.20,46736.25,40731.47,33895.43,26.7370,23.8738,17.4333,14.3988,11.0523,426078288.04,448428641.60,505805745.21,537645831.58,578296039.20
56,2.0,0.10,0.25,0.01390851,0.01164508,0.00695774,0.00501140,0.00313323,0.58415404,0.53904204,0.42043411,0.35467596,0.27359935,63810.99,58769.20,46736.25,40731.47,33895.43,27.1765,24.6581,18.8891,16.1275,13.0713,426078288.04,448428641.60,505805745.21,537645831.58,578296039.20
57,2.0,0.10,0.50,0.01390851,0.01164508,0.00695774,0.00501140,0.00313323,0.57775284,0.52942192,0.41019974,0.34652953,0.26855837,63810.99,58769.20,46736.25,40731.47,33895.43,27.4776,25.1062,19.3603,16.5067,13.3166,426078288.04,448428641.60,505805745.21,537645831.58,578296039.20
58,2.0,0.10,0.75,0.01390851,0.01164508,0.00695774,0.00501140,0.00313323,0.57318055,0.52362129,0.40650477,0.34444787,0.26779526,63810.99,58769.20,46736.25,40731.47,33895.43,27.6968,25.3843,19.5363,16.6064,13.3546,426078288.04,448428641.60,505805745.21,537645831.58,578296039.20
59,2.0,0.10,1.00,0.01390851,0.01164508,0.00695774,0.00501140,0.00313323,0.56975134,0.51985646,0.40495510,0.34379685,0.26764209,63810.99,58769.20,46736.25,40731.47,33895.43,27.8635,25.5681,19.6111,16.6379,13.3622,426078288.04,448428641.60,505805745.21,537645831.58,578296039.20
60,3.0,-0.20,0.00,0.01235080,0.01340326,0.01753498,0.02122307,0.02854784,0.56297347,0.70577111,1.39191886,2.18957792,4.31650563,59938.37,52036.74,34855.80,26999.64,18594.86,25.0408,21.6764,14.3791,11.0634,7.5489,425332181.71,445720617.38,492551377.64,514989970.83,539643130.91
61,3.0,-0.20,0.25,0.01235080,0.01340326,0.01753498,0.02122307,0.02854784,0.55337985,0.68811476,1.35729993,2.14797624,4.26841777,59938.37,52036.74,34855.80,26999.64,18594.86,25.4749,22.2326,14.7458,11.2777,7.6339,425332181.71,445720617.38,492551377.64,514989970.83,539643130.91
62,3.0,-0.20,0.50,0.01235080,0.01340326,0.01753498,0.02122307,0.02854784,0.54698410,0.67852365,1.34720792,2.14001752,4.26356750,59938.37,52036.74,34855.80,26999.64,18594.86,25.7727,22.5468,14.8563,11.3196,7.6426,425332181.71,445720617.38,492551377.64,514989970.83,539643130.91
63,3.0,-0.20,0.75,0.01235080,0.01340326,0.01753498,0.02122307,0.02854784,0.54241570,0.67274052,1.34356435,2.13798382,4.26283325,59938.37,52036.74,34855.80,26999.64,18594.86,25.9898,22.7407,14.8966,11.3304,7.6439,425332181.71,445720617.38,492551377.64,514989970.83,539643130.91
64,3.0,-0.20,1.00,0.01235080,0.01340326,0.01753498,0.02122307,0.02854784,0.53898941,0.66898704,1.34203623,2.13734781,4.26268588,59938.37,52036.74,34855.80,26999.64,18594.86,26.1550,22.8682,14.9136,11.3337,7.6442,425332181.71,445720617.38,492551377.64,514989970.83,539643130.91
65,3.0,-0.10,0.00,0.01121625,0.01100771,0.01049725,0.01021854,0.00985615,0.50604666,0.56875451,0.79888166,0.99595129,1.37873812,61236.45,54088.09,37601.75,29648.75,20847.41,25.2987,22.0908,14.9980,11.7109,8.1595,425590804.80,446603610.20,496205082.35,520626886.36,547977419.30
66,3.0,-0.10,0.25,0.01121625,0.01100771,0.01049725,0.01021854,0.00985615,0.49645020,0.55108074,0.76412812,0.95410549,1.33024258,61236.45,54088.09,37601.75,29648.75,20847.41,25.7877,22.7993,15.6801,12.2245,8.4570,425590804.80,446603610.20,496205082.35,520626886.36,547977419.30
67,3.0,-0.10,0.50,0.01121625,0.01100771,0.01049725,0.01021854,0.00985615,0.49005256,0.54148018,0.75399687,0.94610007,1.32535119,61236.45,54088.09,37601.75,29648.75,20847.41,26.1243,23.2036,15.8908,12.3280,8.4882,425590804.80,446603610.20,496205082.35,520626886.36,547977419.30
68,3.0,-0.10,0.75,0.01121625,0.01100771,0.01049725,0.01021854,0.00985615,0.48548281,0.53569134,0.75033913,0.94405444,1.32461071,61236.45,54088.09,37601.75,29648.75,20847.41,26.3702,23.4543,15.9683,12.3547,8.4930,425590804.80,446603610.20,496205082.35,520626886.36,547977419.30
69,3.0,-0.10,1.00,0.01121625,0.01100771,0.01049725,0.01021854,0.00985615,0.48205551,0.53193416,0.74880507,0.94341469,1.32446209,61236.45,54088.09,37601.75,29648.75,20847.41,26.5577,23.6200,16.0010,12.3631,8.4939,425590804.80,446603610.20,496205082.35,520626886.36,547977419.30
70,3.0,-0.05,0.00,0.01073807,0.01008039,0.00839386,0.00746309,0.00629391,0.48207612,0.51587373,0.62350506,0.70161637,0.83066591,61882.73,55187.94,39400.29,31615.76,22860.01,25.4244,22.3036,15.3660,12.1411,8.6484,425716105.97,447052632.93,498309140.10,524114835.95,553660461.38
71,3.0,-0.05,0.25,0.01073807,0.01008039,0.00839386,0.00746309,0.00629391,0.47247828,0.49819110,0.58867399,0.65961951,0.78189238,61882.73,55187.94,39400.29,31615.76,22860.01,25.9409,23.0952,16.2752,12.9141,9.1878,425716105.97,447052632.93,498309140.10,524114835.95,553660461.38
72,3.0,-0.05,0.50,0.01073807,0.01008039,0.00839386,0.00746309,0.00629391,0.46607973,0.48858572,0.57852015,0.65158519,0.77697295,61882.73,55187.94,39400.29,31615.76,22860.01,26.2970,23.5492,16.5609,13.0734,9.2460,425716105.97,447052632.93,498309140.10,524114835.95,553660461.38
73,3.0,-0.05,0.75,0.01073807,0.01008039,0.00839386,0.00746309,0.00629391,0.46150933,0.48279398,0.57485425,0.64953217,0.77622823,61882.73,55187.94,39400.29,31615.76,22860.01,26.5574,23.8317,16.6665,13.1147,9.2549,425716105.97,447052632.93,498309140.10,524114835.95,553660461.38
74,3.0,-0.05,1.00,0.01073807,0.01008039,0.00839386,0.00746309,0.00629391,0.45808153,0.47903492,0.57331677,0.64889012,0.77607876,61882.73,55187.94,39400.29,31615.76,22860.01,26.7561,24.0187,16.7112,13.1277,9.2567,425716105.97,447052632.93,498309140.10,524114835.95,553660461.38
75,3.0,0.00,0.00,0.01030741,0.00928673,0.00684318,0.00562020,0.00422981,0.46050189,0.47071865,0.49558537,0.50831619,0.52313705,62527.22,56335.58,41512.41,34093.50,25659.07,25.5481,22.5186,15.7609,12.6200,9.2288,425839007.94,447506550.45,500607685.12,528098489.75,560552560.40
76,3.0,0.00,0.25,0.01030741,0.00928673,0.00684318,0.00562020,0.00422981,0.45090271,0.45302707,0.46066962,0.46614682,0.47402638,62527.22,56335.58,41512.41,34093.50,25659.07,26.0920,23.3980,16.9554,13.7616,10.1849,425839007.94,447506550.45,500607685.12,528098489.75,560552560.40
77,3.0,0.00,0.50,0.01030741,0.00928673,0.00684318,0.00562020,0.00422981,0.44450325,0.44341682,0.45049108,0.45807949,0.46907295,62527.22,56335.58,41512.41,34093.50,25659.07,26.4676,23.9051,17.3385,14.0040,10.2925,425839007.94,447506550.45,500607685.12,528098489.75,560552560.40
78,3.0,0.00,0.75,0.01030741,0.00928673,0.00684318,0.00562020,0.00422981,0.43993221,0.43762215,0.44681627,0.45601804,0.46832308,62527.22,56335.58,41512.41,34093.50,25659.07,26.7426,24.2217,17.4811,14.0673,10.3090,425839007.94,447506550.45,500607685.12,528098489.75,560552560.40
79,3.0,0.00,1.00,0.01030741,0.00928673,0.00684318,0.00562020,0.00422981,0.43650393,0.43386118,0.44527505,0.45537334,0.46817258,62527.22,56335.58,41512.41,34093.50,25659.07,26.9526,24.4316,17.5416,14.0872,10.3123,425839007.94,447506550.45,500607685.12,528098489.75,560552560.40
80,3.0,0.05,0.00,0.00991748,0.00860189,0.00567722,0.00434937,0.00296890,0.44098171,0.43185420,0.40078773,0.37864226,0.34541891,63169.97,57529.75,43954.37,37125.38,29336.50,25.6697,22.7351,16.1682,13.1110,9.8105,425959684.30,447965257.53,503105630.12,532604069.11,568753779.40
81,3.0,0.05,0.25,0.00991748,0.00860189,0.00567722,0.00434937,0.00296890,0.43138121,0.41415357,0.36577995,0.33627775,0.29590707,63169.97,57529.75,43954.37,37125.38,29336.50,26.2410,23.7068,17.7156,14.7628,11.4520,425959684.30,447965257.53,503105630.12,532604069.11,568753779.40
82,3.0,0.05,0.50,0.00991748,0.00860189,0.00567722,0.00434937,0.00296890,0.42498087,0.40453841,0.35557458,0.32817310,0.29091317,63169.97,57529.75,43954.37,37125.38,29336.50,26.6362,24.2703,18.2241,15.1274,11.6486,425959684.30,447965257.53,503105630.12,532604069.11,568753779.40
83,3.0,0.05,0.75,0.00991748,0.00860189,0.00567722,0.00434937,0.00296890,0.42040920,0.39874077,0.35189009,0.32610211,0.29015718,63169.97,57529.75,43954.37,37125.38,29336.50,26.9259,24.6232,18.4149,15.2234,11.6789,425959684.30,447965257.53,503105630.12,532604069.11,568753779.40
84,3.0,0.05,1.00,0.00991748,0.00860189,0.00567722,0.00434937,0.00296890,0.41698045,0.39497788,0.35034480,0.32545443,0.29000544,63169.97,57529.75,43954.37,37125.38,29336.50,27.1473,24.8577,18.4961,15.2537,11.6850,425959684.30,447965257.53,503105630.12,532604069.11,568753779.40
85,3.0,0.10,0.00,0.00956275,0.00800654,0.00478377,0.00344557,0.00215424,0.42323555,0.39816374,0.32952175,0.28996995,0.23996944,63810.99,58769.20,46736.25,40731.47,33895.43,25.7894,22.9521,16.5702,13.5628,10.2466,426078288.04,448428641.60,505805745.21,537645831.58,578296039.20
86,3.0,0.10,0.25,0.00956275,0.00800654,0.00478377,0.00344557,0.00215424,0.41363375,0.38045397,0.29441449,0.24738709,0.18999083,63810.99,58769.20,46736.25,40731.47,33895.43,26.3880,24.0205,18.5461,15.8974,12.9420,426078288.04,448428641.60,505805745.21,537645831.58,578296039.20
87,3.0,0.10,0.50,0.00956275,0.00800654,0.00478377,0.00344557,0.00215424,0.40723254,0.37083384,0.28418012,0.23924067,0.18494985,63810.99,58769.20,46736.25,40731.47,33895.43,26.8028,24.6437,19.2140,16.4387,13.2948,426078288.04,448428641.60,505805745.21,537645831.58,578296039.20
88,3.0,0.10,0.75,0.00956275,0.00800654,0.00478377,0.00344557,0.00215424,0.40266026,0.36503321,0.28048516,0.23715900,0.18418674,63810.99,58769.20,46736.25,40731.47,33895.43,27.1072,25.0353,19.4671,16.5830,13.3499,426078288.04,448428641.60,505805745.21,537645831.58,578296039.20
89,3.0,0.10,1.00,0.00956275,0.00800654,0.00478377,0.00344557,0.00215424,0.39923104,0.36126838,0.27893548,0.23650798,0.18403357,63810.99,58769.20,46736.25,40731.47,33895.43,27.3400,25.2962,19.5752,16.6286,13.3610,426078288.04,448428641.60,505805745.21,537645831.58,578296039.20
90,5.0,-0.20,0.00,0.00760093,0.00824863,0.01079138,0.01306110,0.01756891,0.36491278,0.45320763,0.87641757,1.36775514,2.67718268,59938.37,52036.74,34855.80,26999.64,18594.86,23.7749,20.7742,14.0542,10.8996,7.4904,425332181.71,445720617.38,492551377.64,514989970.83,539643130.91
91,5.0,-0.20,0.25,0.00760093,0.00824863,0.01079138,0.01306110,0.01756891,0.35531916,0.43555128,0.84179864,1.32615346,2.62909482,59938.37,52036.74,34855.80,26999.64,18594.86,24.4168,21.6164,14.6322,11.2416,7.6274,425332181.71,445720617.38,492551377.64,514989970.83,539643130.91
92,5.0,-0.20,0.50,0.00760093,0.00824863,0.01079138,0.01306110,0.01756891,0.34892341,0.42596017,0.83170663,1.31819474,2.62424455,59938.37,52036.74,34855.80,26999.64,18594.86,24.8643,22.1031,14.8097,11.3094,7.6415,425332181.71,445720617.38,492551377.64,514989970.83,539643130.91
93,5.0,-0.20,0.75,0.00760093,0.00824863,0.01079138,0.01306110,0.01756891,0.34435501,0.42017704,0.82806307,1.31616104,2.62351030,59938.37,52036.74,34855.80,26999.64,18594.86,25.1942,22.4073,14.8749,11.3269,7.6437,425332181.71,445720617.38,492551377.64,514989970.83,539643130.91
94,5.0,-0.20,1.00,0.00760093,0.00824863,0.01079138,0.01306110,0.01756891,0.34092872,0.41642356,0.82653495,1.31552503,2.62336293,59938.37,52036.74,34855.80,26999.64,18594.86,25.4474,22.6093,14.9024,11.3324,7.6441,425332181.71,445720617.38,492551377.64,514989970.83,539643130.91
95,5.0,-0.10,0.00,0.00690271,0.00677436,0.00646022,0.00628870,0.00606567,0.32988433,0.36890347,0.51152754,0.63329208,0.86939706,61236.45,54088.09,37601.75,29648.75,20847.41,23.8835,20.9602,14.4151,11.3344,7.9634,425590804.80,446603610.20,496205082.35,520626886.36,547977419.30
96,5.0,-0.10,0.25,0.00690271,0.00677436,0.00646022,0.00628870,0.00606567,0.32028787,0.35122970,0.47677400,0.59144628,0.82090152,61236.45,54088.09,37601.75,29648.75,20847.41,24.5991,22.0149,15.4659,12.1363,8.4339,425590804.80,446603610.20,496205082.35,520626886.36,547977419.30
97,5.0,-0.10,0.50,0.00690271,0.00677436,0.00646022,0.00628870,0.00606567,0.31389023,0.34162913,0.46664275,0.58344086,0.81601013,61236.45,54088.09,37601.75,29648.75,20847.41,25.1005,22.6336,15.8017,12.3028,8.4844,425590804.80,446603610.20,496205082.35,520626886.36,547977419.30
98,5.0,-0.10,0.75,0.00690271,0.00677436,0.00646022,0.00628870,0.00606567,0.30932048,0.33584029,0.46298501,0.58139523,0.81526966,61236.45,54088.09,37601.75,29648.75,20847.41,25.4713,23.0237,15.9265,12.3461,8.4922,425590804.80,446603610.20,496205082.35,520626886.36,547977419.30
99,5.0,-0.10,1.00,0.00690271,0.00677436,0.00646022,0.00628870,0.00606567,0.30589318,0.33208311,0.46145095,0.58075548,0.81512104,61236.45,54088.09,37601.75,29648.75,20847.41,25.7567,23.2842,15.9795,12.3597,8.4937,425590804.80,446603610.20,496205082.35,520626886.36,547977419.30
100,5.0,-0.05,0.00,0.00660842,0.00620367,0.00516575,0.00459294,0.00387340,0.31513501,0.33636903,0.40364160,0.45222596,0.53222216,61882.73,55187.94,39400.29,31615.76,22860.01,23.9354,21.0510,14.6076,11.5924,8.3069,425716105.97,447052632.93,498309140.10,524114835.95,553660461.38
101,5.0,-0.05,0.25,0.00660842,0.00620367,0.00516575,0.00459294,0.00387340,0.30553718,0.31868640,0.36881053,0.41022910,0.48344863,61882.73,55187.94,39400.29,31615.76,22860.01,24.6873,22.2191,15.9871,12.7792,9.1450,425716105.97,447052632.93,498309140.10,524114835.95,553660461.38
102,5.0,-0.05,0.50,0.00660842,0.00620367,0.00516575,0.00459294,0.00387340,0.29913862,0.30908102,0.35865668,0.40219478,0.47852920,61882.73,55187.94,39400.29,31615.76,22860.01,25.2154,22.9096,16.4397,13.0345,9.2390,425716105.97,447052632.93,498309140.10,524114835.95,553660461.38
103,5.0,-0.05,0.75,0.00660842,0.00620367,0.00516575,0.00459294,0.00387340,0.29456823,0.30328928,0.35499079,0.40014176,0.47778448,61882.73,55187.94,39400.29,31615.76,22860.01,25.6066,23.3471,16.6095,13.1014,9.2534,425716105.97,447052632.93,498309140.10,524114835.95,553660461.38
104,5.0,-0.05,1.00,0.00660842,0.00620367,0.00516575,0.00459294,0.00387340,0.29114043,0.29953022,0.35345330,0.39949971,0.47763501,61882.73,55187.94,39400.29,31615.76,22860.01,25.9081,23.6401,16.6817,13.1224,9.2563,425716105.97,447052632.93,498309140.10,524114835.95,553660461.38
105,5.0,0.00,0.00,0.00634338,0.00571524,0.00421143,0.00345878,0.00260311,0.30186039,0.30858925,0.32496569,0.33334909,0.34310796,62527.22,56335.58,41512.41,34093.50,25659.07,23.9859,21.1395,14.7922,11.8431,8.6597,425839007.94,447506550.45,500607685.12,528098489.75,560552560.40
106,5.0,0.00,0.25,0.00634338,0.00571524,0.00421143,0.00345878,0.00260311,0.29226121,0.29089767,0.29004994,0.29117972,0.29399730,62527.22,56335.58,41512.41,34093.50,25659.07,24.7737,22.4251,16.5729,13.5582,10.1062,425839007.94,447506550.45,500607685.12,528098489.75,560552560.40
107,5.0,0.00,0.50,0.00634338,0.00571524,0.00421143,0.00345878,0.00260311,0.28586175,0.28128742,0.27987140,0.28311239,0.28904386,62527.22,56335.58,41512.41,34093.50,25659.07,25.3283,23.1913,17.1756,13.9446,10.2794,425839007.94,447506550.45,500607685.12,528098489.75,560552560.40
108,5.0,0.00,0.75,0.00634338,0.00571524,0.00421143,0.00345878,0.00260311,0.28129072,0.27549275,0.27619659,0.28105094,0.28829399,62527.22,56335.58,41512.41,34093.50,25659.07,25.7398,23.6791,17.4041,14.0468,10.3062,425839007.94,447506550.45,500607685.12,528098489.75,560552560.40
109,5.0,0.00,1.00,0.00634338,0.00571524,0.00421143,0.00345878,0.00260311,0.27786244,0.27173179,0.27465537,0.28040624,0.28814349,62527.22,56335.58,41512.41,34093.50,25659.07,26.0574,24.0068,17.5018,14.0791,10.3116,425839007.94,447506550.45,500607685.12,528098489.75,560552560.40
110,5.0,0.05,0.00,0.00610342,0.00529378,0.00349388,0.00267669,0.00182712,0.28984982,0.28468095,0.26667795,0.25364010,0.23390948,63169.97,57529.75,43954.37,37125.38,29336.50,24.0348,21.2250,14.9541,12.0454,8.9158,425959684.30,447965257.53,503105630.12,532604069.11,568753779.40
111,5.0,0.05,0.25,0.00610342,0.00529378,0.00349388,0.00267669,0.00182712,0.28024932,0.26698032,0.23167017,0.21127559,0.18439764,63169.97,57529.75,43954.37,37125.38,29336.50,24.8582,22.6322,17.2138,14.4607,11.3097,425959684.30,447965257.53,503105630.12,532604069.11,568753779.40
112,5.0,0.05,0.50,0.00610342,0.00529378,0.00349388,0.00267669,0.00182712,0.27384898,0.25736516,0.22146481,0.20317094,0.17940374,63169.97,57529.75,43954.37,37125.38,29336.50,25.4391,23.4777,18.0071,15.0375,11.6245,425959684.30,447965257.53,503105630.12,532604069.11,568753779.40
113,5.0,0.05,0.75,0.00610342,0.00529378,0.00349388,0.00267669,0.00182712,0.26927732,0.25156753,0.21778031,0.20109995,0.17864775,63169.97,57529.75,43954.37,37125.38,29336.50,25.8710,24.0188,18.3117,15.1924,11.6737,425959684.30,447965257.53,503105630.12,532604069.11,568753779.40
114,5.0,0.05,1.00,0.00610342,0.00529378,0.00349388,0.00267669,0.00182712,0.26584856,0.24780464,0.21623503,0.20045227,0.17849602,63169.97,57529.75,43954.37,37125.38,29336.50,26.2047,24.3835,18.4426,15.2415,11.6837,425959684.30,447965257.53,503105630.12,532604069.11,568753779.40
115,5.0,0.10,0.00,0.00588511,0.00492738,0.00294403,0.00212048,0.00132576,0.27893098,0.26395693,0.22287634,0.19917563,0.16921486,63810.99,58769.20,46736.25,40731.47,33895.43,24.0823,21.3071,15.0771,12.1517,8.9427,426078288.04,448428641.60,505805745.21,537645831.58,578296039.20
116,5.0,0.10,0.25,0.00588511,0.00492738,0.00294403,0.00212048,0.00132576,0.26932917,0.24624716,0.18776908,0.15659277,0.11923625,63810.99,58769.20,46736.25,40731.47,33895.43,24.9409,22.8394,17.8961,15.4562,12.6911,426078288.04,448428641.60,505805745.21,537645831.58,578296039.20
117,5.0,0.10,0.50,0.00588511,0.00492738,0.00294403,0.00212048,0.00132576,0.26292797,0.23662703,0.17753471,0.14844635,0.11419528,63810.99,58769.20,46736.25,40731.47,33895.43,25.5481,23.7680,18.9278,16.3044,13.2513,426078288.04,448428641.60,505805745.21,537645831.58,578296039.20
118,5.0,0.10,0.75,0.00588511,0.00492738,0.00294403,0.00212048,0.00132576,0.25835568,0.23082640,0.17383975,0.14636468,0.11343216,63810.99,58769.20,46736.25,40731.47,33895.43,26.0002,24.3653,19.3301,16.5363,13.3404,426078288.04,448428641.60,505805745.21,537645831.58,578296039.20
119,5.0,0.10,1.00,0.00588511,0.00492738,0.00294403,0.00212048,0.00132576,0.25492647,0.22706157,0.17229007,0.14571367,0.11327899,63810.99,58769.20,46736.25,40731.47,33895.43,26.3500,24.7693,19.5039,16.6101,13.3585,426078288.04,448428641.60,505805745.21,537645831.58,578296039.20
120,7.0,-0.20,0.00,0.00548970,0.00595750,0.00779397,0.00943326,0.01268899,0.27687847,0.34094783,0.64728679,1.00247012,1.94853396,59938.37,52036.74,34855.80,26999.64,18594.86,22.6308,19.9442,13.7437,10.7407,7.4329,425332181.71,445720617.38,492551377.64,514989970.83,539643130.91
121,7.0,-0.20,0.25,0.00548970,0.00595750,0.00779397,0.00943326,0.01268899,0.26728485,0.32329148,0.61266786,0.96086845,1.90044610,59938.37,52036.74,34855.80,26999.64,18594.86,23.4431,21.0334,14.5203,11.2057,7.6210,425332181.71,445720617.38,492551377.64,514989970.83,539643130.91
122,7.0,-0.20,0.50,0.00548970,0.00595750,0.00779397,0.00943326,0.01268899,0.26088910,0.31370038,0.60257585,0.95290973,1.89559583,59938.37,52036.74,34855.80,26999.64,18594.86,24.0178,21.6765,14.7634,11.2993,7.6405,425332181.71,445720617.38,492551377.64,514989970.83,539643130.91
123,7.0,-0.20,0.75,0.00548970,0.00595750,0.00779397,0.00943326,0.01268899,0.25632070,0.30791725,0.59893228,0.95087602,1.89486158,59938.37,52036.74,34855.80,26999.64,18594.86,24.4459,22.0836,14.8532,11.3234,7.6435,425332181.71,445720617.38,492551377.64,514989970.83,539643130.91
124,7.0,-0.20,1.00,0.00548970,0.00595750,0.00779397,0.00943326,0.01268899,0.25289441,0.30416377,0.59740416,0.95024001,1.89471421,59938.37,52036.74,34855.80,26999.64,18594.86,24.7771,22.3561,14.8912,11.3310,7.6440,425332181.71,445720617.38,492551377.64,514989970.83,539643130.91
125,7.0,-0.10,0.00,0.00498542,0.00489272,0.00466584,0.00454195,0.00438088,0.25158343,0.28007337,0.38380396,0.47209678,0.64300439,61236.45,54088.09,37601.75,29648.75,20847.41,22.6183,19.9397,13.8759,10.9813,7.7766,425590804.80,446603610.20,496205082.35,520626886.36,547977419.30
126,7.0,-0.10,0.25,0.00498542,0.00489272,0.00466584,0.00454195,0.00438088,0.24198697,0.26239960,0.34905041,0.43025098,0.59450885,61236.45,54088.09,37601.75,29648.75,20847.41,23.5153,21.2827,15.2574,12.0493,8.4109,425590804.80,446603610.20,496205082.35,520626886.36,547977419.30
127,7.0,-0.10,0.50,0.00498542,0.00489272,0.00466584,0.00454195,0.00438088,0.23558933,0.25279904,0.33891916,0.42224556,0.58961746,61236.45,54088.09,37601.75,29648.75,20847.41,24.1538,22.0910,15.7135,12.2777,8.4807,425590804.80,446603610.20,496205082.35,520626886.36,547977419.30
128,7.0,-0.10,0.75,0.00498542,0.00489272,0.00466584,0.00454195,0.00438088,0.23101959,0.24701020,0.33526143,0.42019992,0.58887698,61236.45,54088.09,37601.75,29648.75,20847.41,24.6316,22.6087,15.8850,12.3375,8.4913,425590804.80,446603610.20,496205082.35,520626886.36,547977419.30
129,7.0,-0.10,1.00,0.00498542,0.00489272,0.00466584,0.00454195,0.00438088,0.22759228,0.24325302,0.33372737,0.41956017,0.58872836,61236.45,54088.09,37601.75,29648.75,20847.41,25.0025,22.9579,15.9580,12.3563,8.4935,425590804.80,446603610.20,496205082.35,520626886.36,547977419.30
130,7.0,-0.05,0.00,0.00477287,0.00448055,0.00373091,0.00331720,0.00279753,0.24093278,0.25658251,0.30591636,0.34137653,0.39956944,61882.73,55187.94,39400.29,31615.76,22860.01,22.6112,19.9317,13.9204,11.0912,7.9914,425716105.97,447052632.93,498309140.10,524114835.95,553660461.38
131,7.0,-0.05,0.25,0.00477287,0.00448055,0.00373091,0.00331720,0.00279753,0.23133495,0.23889988,0.27108529,0.29937968,0.35079591,61882.73,55187.94,39400.29,31615.76,22860.01,23.5493,21.4070,15.7090,12.6471,9.1025,425716105.97,447052632.93,498309140.10,524114835.95,553660461.38
132,7.0,-0.05,0.50,0.00477287,0.00448055,0.00373091,0.00331720,0.00279753,0.22493639,0.22929451,0.26093144,0.29134536,0.34587648,61882.73,55187.94,39400.29,31615.76,22860.01,24.2192,22.3037,16.3203,12.9958,9.2320,425716105.97,447052632.93,498309140.10,524114835.95,553660461.38
133,7.0,-0.05,0.75,0.00477287,0.00448055,0.00373091,0.00331720,0.00279753,0.22036600,0.22350276,0.25726555,0.28929234,0.34513176,61882.73,55187.94,39400.29,31615.76,22860.01,24.7215,22.8817,16.5529,13.0881,9.2519,425716105.97,447052632.93,498309140.10,524114835.95,553660461.38
134,7.0,-0.05,1.00,0.00477287,0.00448055,0.00373091,0.00331720,0.00279753,0.21693820,0.21974370,0.25572806,0.28865028,0.34498229,61882.73,55187.94,39400.29,31615.76,22860.01,25.1122,23.2731,16.6524,13.1172,9.2559,425716105.97,447052632.93,498309140.10,524114835.95,553660461.38
135,7.0,0.00,0.00,0.00458145,0.00412778,0.00304167,0.00249808,0.00188007,0.23134718,0.23652573,0.24912839,0.25557946,0.26308837,62527.22,56335.58,41512.41,34093.50,25659.07,22.6037,19.9195,13.9357,11.1563,8.1567,425839007.94,447506550.45,500607685.12,528098489.75,560552560.40
136,7.0,0.00,0.25,0.00458145,0.00412778,0.00304167,0.00249808,0.00188007,0.22174800,0.21883415,0.21421265,0.21341008,0.21397770,62527.22,56335.58,41512.41,34093.50,25659.07,23.5822,21.5299,16.2072,13.3608,10.0287,425839007.94,447506550.45,500607685.12,528098489.75,560552560.40
137,7.0,0.00,0.50,0.00458145,0.00412778,0.00304167,0.00249808,0.00188007,0.21534854,0.20922391,0.20403411,0.20534275,0.20902426,62527.22,56335.58,41512.41,34093.50,25659.07,24.2829,22.5188,17.0157,13.8857,10.2664,425839007.94,447506550.45,500607685.12,528098489.75,560552560.40
138,7.0,0.00,0.75,0.00458145,0.00412778,0.00304167,0.00249808,0.00188007,0.21077751,0.20342923,0.20035930,0.20328130,0.20827440,62527.22,56335.58,41512.41,34093.50,25659.07,24.8096,23.1603,17.3278,14.0265,10.3034,425839007.94,447506550.45,500607685.12,528098489.75,560552560.40
139,7.0,0.00,1.00,0.00458145,0.00412778,0.00304167,0.00249808,0.00188007,0.20734923,0.19966827,0.19881808,0.20263660,0.20812389,62527.22,56335.58,41512.41,34093.50,25659.07,25.2198,23.5965,17.4621,14.0711,10.3108,425839007.94,447506550.45,500607685.12,528098489.75,560552560.40
140,7.0,0.05,0.00,0.00440814,0.00382338,0.00252342,0.00193321,0.00131962,0.22267450,0.21926517,0.20706864,0.19807895,0.18434561,63169.97,57529.75,43954.37,37125.38,29336.50,22.5957,19.9030,13.9096,11.1399,8.1707,425959684.30,447965257.53,503105630.12,532604069.11,568753779.40
141,7.0,0.05,0.25,0.00440814,0.00382338,0.00252342,0.00193321,0.00131962,0.21307399,0.20156454,0.17206086,0.15571445,0.13483377,63169.97,57529.75,43954.37,37125.38,29336.50,23.6138,21.6508,16.7397,14.1707,11.1710,425959684.30,447965257.53,503105630.12,532604069.11,568753779.40
142,7.0,0.05,0.50,0.00440814,0.00382338,0.00252342,0.00193321,0.00131962,0.20667366,0.19194938,0.16185549,0.14760979,0.12983987,63169.97,57529.75,43954.37,37125.38,29336.50,24.3450,22.7353,17.7952,14.9487,11.6006,425959684.30,447965257.53,503105630.12,532604069.11,568753779.40
143,7.0,0.05,0.75,0.00440814,0.00382338,0.00252342,0.00193321,0.00131962,0.20210199,0.18615174,0.15817100,0.14553880,0.12908388,63169.97,57529.75,43954.37,37125.38,29336.50,24.8957,23.4434,18.2097,15.1615,11.6686,425959684.30,447965257.53,503105630.12,532604069.11,568753779.40
144,7.0,0.05,1.00,0.00440814,0.00382338,0.00252342,0.00193321,0.00131962,0.19867324,0.18238885,0.15662572,0.14489112,0.12893214,63169.97,57529.75,43954.37,37125.38,29336.50,25.3254,23.9271,18.3894,15.2292,11.6823,425959684.30,447965257.53,503105630.12,532604069.11,568753779.40
145,7.0,0.10,0.00,0.00425047,0.00355876,0.00212630,0.00153149,0.00095752,0.21479027,0.20430449,0.17547443,0.15881923,0.13776576,63810.99,58769.20,46736.25,40731.47,33895.43,22.5872,19.8820,13.8309,11.0066,7.9332,426078288.04,448428641.60,505805745.21,537645831.58,578296039.20
146,7.0,0.10,0.25,0.00425047,0.00355876,0.00212630,0.00153149,0.00095752,0.20518846,0.18659472,0.14036717,0.11623638,0.08778715,63810.99,58769.20,46736.25,40731.47,33895.43,23.6442,21.7690,17.2902,15.0388,12.4497,426078288.04,448428641.60,505805745.21,537645831.58,578296039.20
147,7.0,0.10,0.50,0.00425047,0.00355876,0.00212630,0.00153149,0.00095752,0.19878726,0.17697459,0.13013280,0.10808995,0.08274617,63810.99,58769.20,46736.25,40731.47,33895.43,24.4055,22.9524,18.6500,16.1722,13.2081,426078288.04,448428641.60,505805745.21,537645831.58,578296039.20
148,7.0,0.10,0.75,0.00425047,0.00355876,0.00212630,0.00153149,0.00095752,0.19421497,0.17117396,0.12643784,0.10600829,0.08198306,63810.99,58769.20,46736.25,40731.47,33895.43,24.9801,23.7302,19.1950,16.4898,13.3311,426078288.04,448428641.60,505805745.21,537645831.58,578296039.20
149,7.0,0.10,1.00,0.00425047,0.00355876,0.00212630,0.00153149,0.00095752,0.19078576,0.16740913,0.12488816,0.10535727,0.08182989,63810.99,58769.20,46736.25,40731.47,33895.43,25.4291,24.2638,19.4332,16.5917,13.3560,426078288.04,448428641.60,505805745.21,537645831.58,578296039.20
150,10.0,-0.20,0.00,0.00387516,0.00420538,0.00550174,0.00665890,0.00895711,0.20955507,0.25509822,0.47206120,0.72312188,1.39130678,59938.37,52036.74,34855.80,26999.64,18594.86,21.1073,18.8164,13.3028,10.5107,7.3483,425332181.71,445720617.38,492551377.64,514989970.83,539643130.91
151,10.0,-0.20,0.25,0.00387516,0.00420538,0.00550174,0.00665890,0.00895711,0.19996145,0.23744187,0.43744227,0.68152020,1.34321892,59938.37,52036.74,34855.80,26999.64,18594.86,22.1199,20.2157,14.3555,11.1523,7.6113,425332181.71,445720617.38,492551377.64,514989970.83,539643130.91
152,10.0,-0.20,0.50,0.00387516,0.00420538,0.00550174,0.00665890,0.00895711,0.19356570,0.22785077,0.42735026,0.67356148,1.33836865,59938.37,52036.74,34855.80,26999.64,18594.86,22.8508,21.0666,14.6945,11.2841,7.6389,425332181.71,445720617.38,492551377.64,514989970.83,539643130.91
153,10.0,-0.20,0.75,0.00387516,0.00420538,0.00550174,0.00665890,0.00895711,0.18899730,0.22206764,0.42370670,0.67152778,1.33763440,59938.37,52036.74,34855.80,26999.64,18594.86,23.4032,21.6152,14.8209,11.3182,7.6431,425332181.71,445720617.38,492551377.64,514989970.83,539643130.91
154,10.0,-0.20,1.00,0.00387516,0.00420538,0.00550174,0.00665890,0.00895711,0.18557101,0.21831416,0.42217858,0.67089176,1.33748703,59938.37,52036.74,34855.80,26999.64,18594.86,23.8353,21.9869,14.8746,11.3290,7.6440,425332181.71,445720617.38,492551377.64,514989970.83,539643130.91
155,10.0,-0.10,0.00,0.00351919,0.00345375,0.00329360,0.00320615,0.00309244,0.19170357,0.21214140,0.28612856,0.34882420,0.46987274,61236.45,54088.09,37601.75,29648.75,20847.41,20.9533,18.5826,13.1386,10.4910,7.5121,425590804.80,446603610.20,496205082.35,520626886.36,547977419.30
156,10.0,-0.10,0.25,0.00351919,0.00345375,0.00329360,0.00320615,0.00309244,0.18210710,0.19446763,0.25137502,0.30697840,0.42137720,61236.45,54088.09,37601.75,29648.75,20847.41,22.0575,20.2714,14.9551,11.9211,8.3767,425590804.80,446603610.20,496205082.35,520626886.36,547977419.30
157,10.0,-0.10,0.50,0.00351919,0.00345375,0.00329360,0.00320615,0.00309244,0.17570946,0.18486707,0.24124376,0.29897298,0.41648581,61236.45,54088.09,37601.75,29648.75,20847.41,22.8606,21.3242,15.5831,12.2403,8.4750,425590804.80,446603610.20,496205082.35,520626886.36,547977419.30
158,10.0,-0.10,0.75,0.00351919,0.00345375,0.00329360,0.00320615,0.00309244,0.17113972,0.17907823,0.23758603,0.29692734,0.41574534,61236.45,54088.09,37601.75,29648.75,20847.41,23.4710,22.0135,15.8230,12.3246,8.4901,425590804.80,446603610.20,496205082.35,520626886.36,547977419.30
159,10.0,-0.10,1.00,0.00351919,0.00345375,0.00329360,0.00320615,0.00309244,0.16771241,0.17532105,0.23605197,0.29628759,0.41559672,61236.45,54088.09,37601.75,29648.75,20847.41,23.9506,22.4852,15.9259,12.3512,8.4932,425590804.80,446603610.20,496205082.35,520626886.36,547977419.30
160,10.0,-0.05,0.00,0.00336915,0.00316280,0.00263364,0.00234160,0.00197476,0.18418733,0.19556653,0.23118191,0.25660549,0.29812453,61882.73,55187.94,39400.29,31615.76,22860.01,20.8786,18.4594,13.0030,10.4157,7.5606,425716105.97,447052632.93,498309140.10,524114835.95,553660461.38
161,10.0,-0.05,0.25,0.00336915,0.00316280,0.00263364,0.00234160,0.00197476,0.17458950,0.17788390,0.19635084,0.21460864,0.24935100,61882.73,55187.94,39400.29,31615.76,22860.01,22.0264,20.2944,15.3096,12.4539,9.0395,425716105.97,447052632.93,498309140.10,524114835.95,553660461.38
162,10.0,-0.05,0.50,0.00336915,0.00316280,0.00263364,0.00234160,0.00197476,0.16819094,0.16827852,0.18619700,0.20657432,0.24443157,61882.73,55187.94,39400.29,31615.76,22860.01,22.8643,21.4528,16.1445,12.9383,9.2214,425716105.97,447052632.93,498309140.10,524114835.95,553660461.38
163,10.0,-0.05,0.75,0.00336915,0.00316280,0.00263364,0.00234160,0.00197476,0.16362055,0.16248678,0.18253110,0.20452130,0.24368685,61882.73,55187.94,39400.29,31615.76,22860.01,23.5030,22.2174,16.4687,13.0682,9.2496,425716105.97,447052632.93,498309140.10,524114835.95,553660461.38
164,10.0,-0.05,1.00,0.00336915,0.00316280,0.00263364,0.00234160,0.00197476,0.16019275,0.15872772,0.18099362,0.20387924,0.24353738,61882.73,55187.94,39400.29,31615.76,22860.01,24.0059,22.7436,16.6086,13.1093,9.2553,425716105.97,447052632.93,498309140.10,524114835.95,553660461.38
165,10.0,0.00,0.00,0.00323403,0.00291379,0.00214710,0.00176338,0.00132714,0.17742287,0.18141584,0.19113255,0.19610586,0.20189414,62527.22,56335.58,41512.41,34093.50,25659.07,20.8053,18.3325,12.8221,10.2635,7.5030,425839007.94,447506550.45,500607685.12,528098489.75,560552560.40
166,10.0,0.00,0.25,0.00323403,0.00291379,0.00214710,0.00176338,0.00132714,0.16782369,0.16372426,0.15621680,0.15393649,0.15278347,62527.22,56335.58,41512.41,34093.50,25659.07,21.9953,20.3135,15.6879,13.0751,9.9147,425839007.94,447506550.45,500607685.12,528098489.75,560552560.40
167,10.0,0.00,0.50,0.00323403,0.00291379,0.00214710,0.00176338,0.00132714,0.16142424,0.15411402,0.14603826,0.14586916,0.14783004,62527.22,56335.58,41512.41,34093.50,25659.07,22.8673,21.5802,16.7813,13.7982,10.2469,425839007.94,447506550.45,500607685.12,528098489.75,560552560.40
168,10.0,0.00,0.75,0.00323403,0.00291379,0.00214710,0.00176338,0.00132714,0.15685320,0.14831934,0.14236345,0.14380771,0.14708017,62527.22,56335.58,41512.41,34093.50,25659.07,23.5337,22.4233,17.2145,13.9960,10.2992,425839007.94,447506550.45,500607685.12,528098489.75,560552560.40
169,10.0,0.00,1.00,0.00323403,0.00291379,0.00214710,0.00176338,0.00132714,0.15342492,0.14455838,0.14082223,0.14316301,0.14692967,62527.22,56335.58,41512.41,34093.50,25659.07,24.0596,23.0067,17.4029,14.0590,10.3097,425839007.94,447506550.45,500607685.12,528098489.75,560552560.40
170,10.0,0.05,0.00,0.00311169,0.00269891,0.00178127,0.00136465,0.00093152,0.17130280,0.16923907,0.16148299,0.15558909,0.14644210,63169.97,57529.75,43954.37,37125.38,29336.50,20.7335,18.2024,12.5905,10.0111,7.2605,425959684.30,447965257.53,503105630.12,532604069.11,568753779.40
171,10.0,0.05,0.25,0.00311169,0.00269891,0.00178127,0.00136465,0.00093152,0.16170230,0.15153844,0.12647521,0.11322459,0.09693026,63169.97,57529.75,43954.37,37125.38,29336.50,21.9644,20.3285,16.0755,13.7569,10.9691,425959684.30,447965257.53,503105630.12,532604069.11,568753779.40
172,10.0,0.05,0.50,0.00311169,0.00269891,0.00178127,0.00136465,0.00093152,0.15530196,0.14192328,0.11626984,0.10511993,0.09193637,63169.97,57529.75,43954.37,37125.38,29336.50,22.8696,21.7058,17.4865,14.8175,11.5649,425959684.30,447965257.53,503105630.12,532604069.11,568753779.40
173,10.0,0.05,0.75,0.00311169,0.00269891,0.00178127,0.00136465,0.00093152,0.15073030,0.13612564,0.11258535,0.10304894,0.09118037,63169.97,57529.75,43954.37,37125.38,29336.50,23.5633,22.6302,18.0588,15.1153,11.6608,425959684.30,447965257.53,503105630.12,532604069.11,568753779.40
174,10.0,0.05,1.00,0.00311169,0.00269891,0.00178127,0.00136465,0.00093152,0.14730154,0.13236275,0.11104006,0.10240126,0.09102864,63169.97,57529.75,43954.37,37125.38,29336.50,24.1118,23.2736,18.3101,15.2109,11.6803,425959684.30,447965257.53,503105630.12,532604069.11,568753779.40
175,10.0,0.10,0.00,0.00300039,0.00251211,0.00150095,0.00108108,0.00067591,0.16573927,0.15868585,0.13922427,0.12795707,0.11371536,63810.99,58769.20,46736.25,40731.47,33895.43,20.6630,18.0693,12.3052,9.6434,6.7844,426078288.04,448428641.60,505805745.21,537645831.58,578296039.20
176,10.0,0.10,0.25,0.00300039,0.00251211,0.00150095,0.00108108,0.00067591,0.15613746,0.14097608,0.10411701,0.08537421,0.06373675,63810.99,58769.20,46736.25,40731.47,33895.43,21.9336,20.3392,16.4545,14.4534,12.1043,426078288.04,448428641.60,505805745.21,537645831.58,578296039.20
177,10.0,0.10,0.50,0.00300039,0.00251211,0.00150095,0.00108108,0.00067591,0.14973626,0.13135595,0.09388264,0.07722779,0.05869577,63810.99,58769.20,46736.25,40731.47,33895.43,22.8713,21.8288,18.2482,15.9780,13.1438,426078288.04,448428641.60,505805745.21,537645831.58,578296039.20
178,10.0,0.10,0.75,0.00300039,0.00251211,0.00150095,0.00108108,0.00067591,0.14516397,0.12555532,0.09018768,0.07514612,0.05793265,63810.99,58769.20,46736.25,40731.47,33895.43,23.5917,22.8373,18.9958,16.4206,13.3170,426078288.04,448428641.60,505805745.21,537645831.58,578296039.20
179,10.0,0.10,1.00,0.00300039,0.00251211,0.00150095,0.00108108,0.00067591,0.14173476,0.12179049,0.08863800,0.07449510,0.05777949,63810.99,58769.20,46736.25,40731.47,33895.43,24.1625,23.5432,19.3279,16.5641,13.3523,426078288.04,448428641.60,505805745.21,537645831.58,578296039.20
180,15.0,-0.20,0.00,0.00260048,0.00282207,0.00369201,0.00446854,0.00601078,0.15640315,0.18731984,0.33372035,0.50257605,0.95137515,59938.37,52036.74,34855.80,26999.64,18594.86,18.9779,17.1959,12.6276,10.1486,7.2114,425332181.71,445720617.38,492551377.64,514989970.83,539643130.91
181,15.0,-0.20,0.25,0.00260048,0.00282207,0.00369201,0.00446854,0.00601078,0.14680953,0.16966349,0.29910143,0.46097437,0.90328729,59938.37,52036.74,34855.80,26999.64,18594.86,20.2180,18.9854,14.0892,11.0644,7.5953,425332181.71,445720617.38,492551377.64,514989970.83,539643130.91
182,15.0,-0.20,0.50,0.00260048,0.00282207,0.00369201,0.00446854,0.00601078,0.14041377,0.16007238,0.28900942,0.45301565,0.89843702,59938.37,52036.74,34855.80,26999.64,18594.86,21.1390,20.1230,14.5811,11.2588,7.6363,425332181.71,445720617.38,492551377.64,514989970.83,539643130.91
183,15.0,-0.20,0.75,0.00260048,0.00282207,0.00369201,0.00446854,0.00601078,0.13584538,0.15428925,0.28536585,0.45098195,0.89770277,59938.37,52036.74,34855.80,26999.64,18594.86,21.8498,20.8772,14.7673,11.3096,7.6426,425332181.71,445720617.38,492551377.64,514989970.83,539643130.91
184,15.0,-0.20,1.00,0.00260048,0.00282207,0.00369201,0.00446854,0.00601078,0.13241909,0.15053577,0.28383773,0.45034593,0.89755540,59938.37,52036.74,34855.80,26999.64,18594.86,22.4152,21.3978,14.8468,11.3256,7.6438,425332181.71,445720617.38,492551377.64,514989970.83,539643130.91
185,15.0,-0.10,0.00,0.00236160,0.00231769,0.00221021,0.00215153,0.00207522,0.14442833,0.15850902,0.20901369,0.25150033,0.33318507,61236.45,54088.09,37601.75,29648.75,20847.41,18.6635,16.6894,12.0698,9.7645,7.1092,425590804.80,446603610.20,496205082.35,520626886.36,547977419.30
186,15.0,-0.10,0.25,0.00236160,0.00231769,0.00221021,0.00215153,0.00207522,0.13483187,0.14083525,0.17426015,0.20965453,0.28468953,61236.45,54088.09,37601.75,29648.75,20847.41,19.9919,18.7838,14.4769,11.7134,8.3202,425590804.80,446603610.20,496205082.35,520626886.36,547977419.30
187,15.0,-0.10,0.50,0.00236160,0.00231769,0.00221021,0.00215153,0.00207522,0.12843423,0.13123468,0.16412890,0.20164910,0.27979814,61236.45,54088.09,37601.75,29648.75,20847.41,20.9877,20.1579,15.3705,12.1784,8.4657,425590804.80,446603610.20,496205082.35,520626886.36,547977419.30
188,15.0,-0.10,0.75,0.00236160,0.00231769,0.00221021,0.00215153,0.00207522,0.12386448,0.12544585,0.16047116,0.19960347,0.27905766,61236.45,54088.09,37601.75,29648.75,20847.41,21.7620,21.0882,15.7209,12.3032,8.4881,425590804.80,446603610.20,496205082.35,520626886.36,547977419.30
189,15.0,-0.10,1.00,0.00236160,0.00231769,0.00221021,0.00215153,0.00207522,0.12043718,0.12168867,0.15893710,0.19896372,0.27890904,61236.45,54088.09,37601.75,29648.75,20847.41,22.3813,21.7393,15.8726,12.3428,8.4926,425590804.80,446603610.20,496205082.35,520626886.36,547977419.30
190,15.0,-0.05,0.00,0.00226091,0.00212244,0.00176734,0.00157136,0.00132519,0.13938672,0.14739433,0.17217896,0.18967863,0.21803364,61882.73,55187.94,39400.29,31615.76,22860.01,18.5141,16.4359,11.7160,9.4558,6.9374,425716105.97,447052632.93,498309140.10,524114835.95,553660461.38
191,15.0,-0.05,0.25,0.00226091,0.00212244,0.00176734,0.00157136,0.00132519,0.12978889,0.12971170,0.13734789,0.14768178,0.16926010,61882.73,55187.94,39400.29,31615.76,22860.01,19.8832,18.6765,14.6872,12.1448,8.9364,425716105.97,447052632.93,498309140.10,524114835.95,553660461.38
192,15.0,-0.05,0.50,0.00226091,0.00212244,0.00176734,0.00157136,0.00132519,0.12339033,0.12010632,0.12719404,0.13964746,0.16434067,61882.73,55187.94,39400.29,31615.76,22860.01,20.9143,20.1702,15.8596,12.8435,9.2039,425716105.97,447052632.93,498309140.10,524114835.95,553660461.38
193,15.0,-0.05,0.75,0.00226091,0.00212244,0.00176734,0.00157136,0.00132519,0.11881993,0.11431458,0.12352815,0.13759444,0.16359595,61882.73,55187.94,39400.29,31615.76,22860.01,21.7187,21.1921,16.3303,13.0351,9.2458,425716105.97,447052632.93,498309140.10,524114835.95,553660461.38
194,15.0,-0.05,1.00,0.00226091,0.00212244,0.00176734,0.00157136,0.00132519,0.11539214,0.11055552,0.12199066,0.13695238,0.16344648,61882.73,55187.94,39400.29,31615.76,22860.01,22.3639,21.9126,16.5361,13.0963,9.2543,425716105.97,447052632.93,498309140.10,524114835.95,553660461.38
195,15.0,0.00,0.00,0.00217024,0.00195533,0.00144084,0.00118334,0.00089059,0.13484956,0.13790651,0.14534474,0.14915138,0.15358121,62527.22,56335.58,41512.41,34093.50,25659.07,18.3695,16.1836,11.3151,9.0557,6.6188,425839007.94,447506550.45,500607685.12,528098489.75,560552560.40
196,15.0,0.00,0.25,0.00217024,0.00195533,0.00144084,0.00118334,0.00089059,0.12525038,0.12021493,0.11042900,0.10698200,0.10447055,62527.22,56335.58,41512.41,34093.50,25659.07,19.7774,18.5653,14.8927,12.6252,9.7303,425839007.94,447506550.45,500607685.12,528098489.75,560552560.40
197,15.0,0.00,0.50,0.00217024,0.00195533,0.00144084,0.00118334,0.00089059,0.11885092,0.11060468,0.10025046,0.09891468,0.09951711,62527.22,56335.58,41512.41,34093.50,25659.07,20.8423,20.1784,16.4048,13.6549,10.2146,425839007.94,447506550.45,500607685.12,528098489.75,560552560.40
198,15.0,0.00,0.75,0.00217024,0.00195533,0.00144084,0.00118334,0.00089059,0.11427988,0.10481001,0.09657565,0.09685322,0.09876724,62527.22,56335.58,41512.41,34093.50,25659.07,21.6759,21.2941,17.0290,13.9456,10.2922,425839007.94,447506550.45,500607685.12,528098489.75,560552560.40
199,15.0,0.00,1.00,0.00217024,0.00195533,0.00144084,0.00118334,0.00089059,0.11085160,0.10104904,0.09503443,0.09620853,0.09861674,62527.22,56335.58,41512.41,34093.50,25659.07,22.3463,22.0866,17.3051,14.0390,10.3079,425839007.94,447506550.45,500607685.12,528098489.75,560552560.40
200,15.0,0.05,0.00,0.00208814,0.00181114,0.00119535,0.00091576,0.00062511,0.13074478,0.12974339,0.12549305,0.12204329,0.11651724,63169.97,57529.75,43954.37,37125.38,29336.50,18.2295,15.9333,10.8721,8.5647,6.1236,425959684.30,447965257.53,503105630.12,532604069.11,568753779.40
201,15.0,0.05,0.25,0.00208814,0.00181114,0.00119535,0.00091576,0.00062511,0.12114428,0.11204276,0.09048527,0.07967879,0.06700540,63169.97,57529.75,43954.37,37125.38,29336.50,19.6742,18.4505,15.0784,13.1184,10.6484,425959684.30,447965257.53,503105630.12,532604069.11,568753779.40
202,15.0,0.05,0.50,0.00208814,0.00181114,0.00119535,0.00091576,0.00062511,0.11474394,0.10242760,0.08027990,0.07157413,0.06201150,63169.97,57529.75,43954.37,37125.38,29336.50,20.7716,20.1825,16.9952,14.6039,11.5059,425959684.30,447965257.53,503105630.12,532604069.11,568753779.40
203,15.0,0.05,0.75,0.00208814,0.00181114,0.00119535,0.00091576,0.00062511,0.11017227,0.09662997,0.07659541,0.06950314,0.06125551,63169.97,57529.75,43954.37,37125.38,29336.50,21.6335,21.3934,17.8128,15.0390,11.6479,425959684.30,447965257.53,503105630.12,532604069.11,568753779.40
204,15.0,0.05,1.00,0.00208814,0.00181114,0.00119535,0.00091576,0.00062511,0.10674352,0.09286708,0.07505012,0.06885546,0.06110377,63169.97,57529.75,43954.37,37125.38,29336.50,22.3284,22.2603,18.1795,15.1805,11.6768,425959684.30,447965257.53,503105630.12,532604069.11,568753779.40
205,15.0,0.10,0.00,0.00201345,0.00168579,0.00100723,0.00072547,0.00045358,0.12701343,0.12266987,0.11060472,0.10359134,0.09472754,63810.99,58769.20,46736.25,40731.47,33895.43,18.0939,15.6857,10.3943,7.9935,5.4653,426078288.04,448428641.60,505805745.21,537645831.58,578296039.20
206,15.0,0.10,0.25,0.00201345,0.00168579,0.00100723,0.00072547,0.00045358,0.11741163,0.10496010,0.07549746,0.06100849,0.04474893,63810.99,58769.20,46736.25,40731.47,33895.43,19.5736,18.3324,15.2278,13.5728,11.5694,426078288.04,448428641.60,505805745.21,537645831.58,578296039.20
207,15.0,0.10,0.50,0.00201345,0.00168579,0.00100723,0.00072547,0.00045358,0.11101043,0.09533997,0.06526309,0.05286206,0.03970795,63810.99,58769.20,46736.25,40731.47,33895.43,20.7022,20.1822,17.6157,15.6645,13.0381,426078288.04,448428641.60,505805745.21,537645831.58,578296039.20
208,15.0,0.10,0.75,0.00201345,0.00168579,0.00100723,0.00072547,0.00045358,0.10643814,0.08953934,0.06156813,0.05078039,0.03894483,63810.99,58769.20,46736.25,40731.47,33895.43,21.5915,21.4896,18.6729,16.3066,13.2936,426078288.04,448428641.60,505805745.21,537645831.58,578296039.20
209,15.0,0.10,1.00,0.00201345,0.00168579,0.00100723,0.00072547,0.00045358,0.10300893,0.08577451,0.06001845,0.05012938,0.03879167,63810.99,58769.20,46736.25,40731.47,33895.43,22.3103,22.4329,19.1551,16.5184,13.3461,426078288.04,448428641.60,505805745.21,537645831.58,578296039.20
